<?xml version="1.0" encoding="UTF-8"?>
<project-private xmlns="http://www.netbeans.org/ns/project-private/1">
    <editor-bookmarks xmlns="http://www.netbeans.org/ns/editor-bookmarks/2" lastBookmarkId="0"/>
    <open-files xmlns="http://www.netbeans.org/ns/projectui-open-files/2">
        <group>
            <file>file:/C:/UwAmp/www/monsite/register.php</file>
            <file>file:/C:/UwAmp/www/monsite/templates/index.tpl</file>
            <file>file:/C:/UwAmp/www/monsite/commentaires.php</file>
            <file>file:/C:/UwAmp/www/monsite/templates/commentaires.tpl</file>
            <file>file:/C:/UwAmp/www/monsite/modifier.php</file>
            <file>file:/C:/UwAmp/www/monsite/templates/article.tpl</file>
            <file>file:/C:/UwAmp/www/monsite/recherche.php</file>
            <file>file:/C:/UwAmp/www/monsite/article.php</file>
            <file>file:/C:/UwAmp/www/monsite/settings/connexion.inc.php</file>
            <file>file:/C:/UwAmp/www/monsite/index.php</file>
            <file>file:/C:/UwAmp/www/monsite/connexion.php</file>
            <file>file:/C:/UwAmp/www/monsite/deconnexion.php</file>
        </group>
    </open-files>
</project-private>
